item_id;component_id;java_area;julia_area;java_Ri_PAR_0_q;julia_Ri_PAR_0_q;java_Ri_PAR_q;julia_Ri_PAR_q;java_Ri_custom_0_q;julia_Ri_custom_0_q;java_Ri_custom_q;julia_Ri_custom_q;absdiff_Ri_PAR_q;reldiff_Ri_PAR_q
-1;2;0.00390625;0.00390625;59.85609929326785;59.76426764723563;60.186546909154686;60.111512868064466;59.85609929326784;59.76426764723563;60.18654690915467;60.111512868064466;0.07503404109021972;0.0012466912448636698
-1;3;0.00390625;0.00390625;69.77040272777315;69.63265675670965;69.77875835434844;69.65802819274559;69.77040272777313;69.63265675670965;69.77875835434843;69.65802819274559;0.12073016160285022;0.0017301850083052761
-1;4;0.00390625;0.00390625;70.0446464007809;69.9068992677468;70.09583832692101;69.97269069665178;70.04464640078089;69.9068992677468;70.095838326921;69.97269069665178;0.12314763026923004;0.001756846529103197
-1;5;0.00390625;0.00390625;70.0982216300187;69.968122019785;70.15456781333982;70.0371540893368;70.0982216300187;69.968122019785;70.15456781333981;70.0371540893368;0.11741372400302907;0.0016736433230610391
-1;6;0.00390625;0.00390625;70.12500232953363;70.01403908381369;70.17228692268071;70.07400955924022;70.12500232953361;70.01403908381369;70.1722869226807;70.07400955924022;0.09827736344048787;0.001400515328063552
-1;7;0.00390625;0.00390625;69.578088826295;69.90967661704703;69.65817168493949;69.99202623222345;69.57808882629499;69.90967661704703;69.65817168493948;69.99202623222345;0.3338545472839627;0.004792754951909598
-1;8;0.00390625;0.00390625;68.5767646512146;68.75317266131745;68.68020806014621;68.8568579850822;68.57676465121459;68.75317266131745;68.6802080601462;68.8568579850822;0.17664992493598675;0.002572064499008023
-1;9;0.00390625;0.00390625;61.90469762493785;62.21934393199889;62.262553959047615;62.57960616537348;61.90469762493784;62.21934393199889;62.2625539590476;62.57960616537348;0.3170522063258616;0.005092181193440902
-1;10;0.00390625;0.00390625;66.01792699651202;66.01793137866242;66.21059206772945;66.21113327969788;66.01792699651202;66.01793137866242;66.21059206772945;66.21113327969788;0.0005412119684251593;8.174099513738406e-6
-1;11;0.00390625;0.00390625;68.68323337843063;68.68323966006997;68.80126875975351;68.80147829919133;68.68323337843061;68.68323966006997;68.8012687597535;68.80147829919133;0.00020953943781876205;3.045575199353529e-6
-1;12;0.00390625;0.00390625;69.89611266768736;69.89611814451857;69.91996330409874;69.92017203627921;69.89611266768736;69.89611814451857;69.91996330409874;69.92017203627921;0.00020873218046801867;2.9853016306686574e-6
-1;13;0.00390625;0.00390625;69.08631256799053;69.08631296556996;69.25765776624976;69.25765818402141;69.08631256799053;69.08631296556996;69.25765776624976;69.25765818402141;4.177716448339197e-7;6.032136493034937e-9
-1;14;0.00390625;0.00390625;70.24786855150973;70.24787374384076;70.25500793477053;70.2550131279429;70.24786855150973;70.24787374384076;70.25500793477053;70.2550131279429;5.1931723703546595e-6;7.391889237527877e-8
-1;15;0.00390625;0.00390625;69.75401464141402;69.75401915055959;69.81897458014546;69.81923425119933;69.754014641414;69.75401915055959;69.81897458014545;69.81923425119933;0.00025967105386826006;3.7192046349833265e-6
-1;16;0.00390625;0.00390625;70.12117359758196;70.12117889988058;70.1486445326625;70.1491866545385;70.12117359758194;70.12117889988058;70.14864453266249;70.1491866545385;0.0005421218759948943;7.728187473992777e-6
-1;17;0.00390625;0.00390625;66.63692194161226;66.63693714015501;66.79542405503753;66.79554088814827;66.63692194161224;66.63693714015501;66.79542405503753;66.79554088814827;0.00011683311073795721;1.7491184821536586e-6
-1;18;0.00390625;0.00390625;69.50742590274871;69.50742882673157;69.58425014402867;69.58472582981338;69.5074259027487;69.50742882673157;69.58425014402866;69.58472582981338;0.00047568578470702505;6.836112823267173e-6
-1;19;0.00390625;0.00390625;69.31419682035855;69.31420157392033;69.40180350364648;69.40196070174622;69.31419682035855;69.31420157392033;69.40180350364646;69.40196070174622;0.0001571980997425726;2.2650434398914887e-6
-1;20;0.00390625;0.00390625;70.31249586140987;70.31250000000001;70.31249586140987;70.31250000000001;70.31249586140986;70.31250000000001;70.31249586140986;70.31250000000001;4.138590142588328e-6;5.88599521590833e-8
-1;21;0.00390625;0.00390625;70.31250129793277;70.31250000000003;70.31250129793277;70.31250000000003;70.31250129793276;70.31250000000003;70.31250129793276;70.31250000000003;1.2979327408402241e-6;1.8459487528974937e-8
-1;22;0.00390625;0.00390625;70.01403519390333;70.01403908381369;70.06452115644468;70.0647283019598;70.01403519390333;70.01403908381369;70.06452115644468;70.0647283019598;0.0002071455151195778;2.956496550615819e-6
-1;23;0.00390625;0.00390625;70.20535715270876;70.20536018393314;70.22304484975271;70.22309869504281;70.20535715270876;70.20536018393314;70.22304484975271;70.22309869504281;5.3845290096887766e-5;7.667752119278459e-7
-1;24;0.00390625;0.00390625;69.78471500485237;69.78471890803289;69.82755130441718;69.82755521264575;69.78471500485236;69.78471890803289;69.82755130441717;69.82755521264575;3.908228563886951e-6;5.596972098948173e-8
-1;25;0.00390625;0.00390625;67.84950720525443;67.84952157082009;68.02305696796658;68.02317297102687;67.84950720525441;67.84952157082009;68.02305696796657;68.02317297102687;0.00011600306028469731;1.705349119186535e-6
-1;26;0.00390625;0.00390625;70.28953614964605;70.28954146798567;70.29162505628987;70.29165578144298;70.28953614964604;70.28954146798567;70.29162505628986;70.29165578144298;3.072515310975632e-5;4.371097280102924e-7
-1;27;0.00390625;0.00390625;69.75000824170849;69.75001596564884;69.83586959833775;69.83618220601431;69.75000824170847;69.75001596564884;69.83586959833775;69.83618220601431;0.000312607676562493;4.476319667249246e-6
-1;28;0.00390625;0.00390625;70.09821435850837;70.09822036786623;70.11492561165896;70.11513487552475;70.09821435850836;70.09822036786623;70.11492561165896;70.11513487552475;0.00020926386578423717;2.9845837239174084e-6
-1;29;0.00390625;0.00390625;69.51291063799718;69.51291037368199;69.64060979252882;69.64078738750362;69.51291063799718;69.51291037368199;69.6406097925288;69.64078738750362;0.0001775949748008543;2.550163982336453e-6
-1;30;0.00390625;0.00390625;69.89271866074394;69.89272472093255;70.0015666135597;70.00157267850217;69.89271866074394;69.89272472093255;70.00156661355969;70.00157267850217;6.064942468242407e-6;8.664009623846894e-8
-1;31;0.00390625;0.00390625;70.31249393490215;70.31250000000001;70.31249393490215;70.31250000000001;70.31249393490215;70.31250000000001;70.31249393490215;70.31250000000001;6.065097863938718e-6;8.625917706110673e-8
-1;32;0.00390625;0.00390625;69.7847131050712;69.78471890803287;69.83468878789681;69.83469459674788;69.7847131050712;69.78471890803287;69.83468878789681;69.83469459674788;5.808851071265053e-6;8.318002374017591e-8
-1;33;0.00390625;0.00390625;68.64117751984216;68.64119320877077;68.78841347864045;68.78842918088347;68.64117751984216;68.64119320877077;68.78841347864045;68.78842918088347;1.5702243018722584e-5;2.2826871888240743e-7
-1;34;0.00390625;0.00390625;70.05298654185286;70.05298667398462;70.0643037384013;70.06435468500139;70.05298654185285;70.05298667398462;70.0643037384013;70.06435468500139;5.094660008353458e-5;7.271406032057867e-7
-1;35;0.00390625;0.00390625;69.56251797765997;69.56252128753178;69.71471250975628;69.71491907914539;69.56251797765997;69.56252128753178;69.71471250975628;69.71491907914539;0.00020656938910690315;2.963067359389808e-6
-1;36;0.00390625;0.00390625;70.12500420725979;70.12500532188295;70.13962655376656;70.13980551608415;70.12500420725979;70.12500532188295;70.13962655376655;70.13980551608415;0.00017896231759095826;2.551515118971614e-6
-1;37;0.00390625;0.00390625;67.59658358845614;67.59658000211859;67.97031674328935;67.97049103946907;67.59658358845613;67.59658000211859;67.97031674328935;67.97049103946907;0.00017429617972197775;2.5642984772347095e-6
-1;38;0.00390625;0.00390625;70.31249945038003;70.31250000000001;70.31249945038003;70.31250000000001;70.31249945038003;70.31250000000001;70.31249945038003;70.31250000000001;5.496199833032733e-7;7.816817601415856e-9
-1;39;0.00390625;0.00390625;70.31249946637436;70.31250000000001;70.31249946637436;70.31250000000001;70.31249946637436;70.31250000000001;70.31249946637436;70.31250000000001;5.336256521104588e-7;7.589342665391312e-9
-1;40;0.00390625;0.00390625;70.31249907424213;70.31250000000001;70.31249907424213;70.31250000000001;70.31249907424213;70.31250000000001;70.31249907424213;70.31250000000001;9.257578881260997e-7;1.3166334582256891e-8
-1;41;0.00390625;0.00390625;69.8726705040975;69.87268242336077;69.9083674204015;69.90837934387149;69.87267050409748;69.87268242336077;69.90836742040149;69.90837934387149;1.1923469983798896e-5;1.7055855291392836e-7
-1;42;0.00390625;0.00390625;66.49283144486907;66.49283411486039;66.70349572227903;66.70402198470927;66.49283144486907;66.49283411486039;66.70349572227903;66.70402198470927;0.0005262624302417862;7.889577968040647e-6
-1;43;0.00390625;0.00390625;69.80358039623496;69.80358587368228;69.9179261862169;69.9180078876146;69.80358039623496;69.80358587368228;69.91792618621689;69.9180078876146;8.170139770413698e-5;1.1685329093791541e-6
-1;44;0.00390625;0.00390625;69.84971932922485;69.84972389134641;69.89255562878967;69.89256019595928;69.84971932922484;69.84972389134641;69.89255562878967;69.89256019595928;4.567169611391364e-6;6.534558037408618e-8
-1;45;0.00390625;0.00390625;68.88181717005831;68.88181588765036;69.13691276053392;69.13691150530445;68.88181717005831;68.88181588765036;69.13691276053392;69.13691150530445;1.2552294634815553e-6;1.8155706023918526e-8
-1;46;0.00390625;0.00390625;69.99107627342572;69.99108055179934;70.04831717784523;70.04852471204298;69.99107627342572;69.99108055179934;70.04831717784523;70.04852471204298;0.0002075341977416656;2.962729243227333e-6
-1;47;0.00390625;0.00390625;70.25892653855756;70.25893009196656;70.2631043518452;70.26315871888119;70.25892653855755;70.25893009196656;70.26310435184519;70.26315871888119;5.4367035986047085e-5;7.737636486113972e-7
-1;48;0.00390625;0.00390625;69.43515205814498;69.43515642003878;69.47084897444898;69.4708533405495;69.43515205814496;69.43515642003878;69.47084897444897;69.4708533405495;4.366100512243065e-6;6.284795099954651e-8
-1;49;0.00390625;0.00390625;68.64397641435362;68.64399138932679;68.74009354670234;68.74023556583907;68.6439764143536;68.64399138932679;68.74009354670233;68.74023556583907;0.00014201913673161926;2.066030600251232e-6
-1;50;0.00390625;0.00390625;66.71335925879158;66.71336183258927;66.81508181588927;66.8156466257352;66.71335925879158;66.71336183258927;66.81508181588927;66.8156466257352;0.0005648098459261064;8.453328658377684e-6
-1;51;0.00390625;0.00390625;68.37887577985886;68.37888132069371;68.53936301936392;68.53957182242331;68.37887577985884;68.37888132069371;68.5393630193639;68.53957182242331;0.00020880305939385835;3.0464692141195823e-6
-1;52;0.00390625;0.00390625;69.07847099817857;69.07847567817333;69.16657608393717;69.16678402685328;69.07847099817856;69.07847567817333;69.16657608393716;69.16678402685328;0.0002079429161057078;3.006407543628565e-6
-1;53;0.00390625;0.00390625;69.48017008148449;69.48016928745349;69.63723651322212;69.63723573770066;69.48017008148447;69.48016928745349;69.6372365132221;69.63723573770066;7.755214568305746e-7;1.1136591508528993e-8
-1;54;0.00390625;0.00390625;70.04364130615447;70.04364557785773;70.08570872295398;70.08571299846136;70.04364130615447;70.04364557785773;70.08570872295398;70.08571299846136;4.275507379247756e-6;6.100398293964133e-8
-1;55;0.00390625;0.00390625;70.19770378464959;70.19770733992836;70.2086241883558;70.20888290378792;70.19770378464959;70.19770733992836;70.2086241883558;70.20888290378792;0.00025871543212474535;3.684952313417554e-6
-1;56;0.00390625;0.00390625;69.32035940247981;69.32036375996712;69.36287798684725;69.36341916683857;69.32035940247981;69.32036375996712;69.36287798684725;69.36341916683857;0.0005411799913161985;7.802155951758783e-6
-1;57;0.00390625;0.00390625;67.25921809257989;67.2592329955232;67.36379463206795;67.36396198558572;67.25921809257989;67.2592329955232;67.36379463206795;67.36396198558572;0.00016735351776731022;2.48432438643596e-6
-1;58;0.00390625;0.00390625;65.63379181172411;65.63379818127522;65.76163606777698;65.76362293873673;65.63379181172411;65.63379818127522;65.76163606777698;65.76362293873673;0.001986870959754583;3.0213222762688297e-5
-1;59;0.00390625;0.00390625;66.36151267231568;66.36152313743719;66.58355139424434;66.5836126934767;66.36151267231567;66.36152313743719;66.58355139424432;66.5836126934767;6.12992323567596e-5;9.20636269366348e-7
-1;60;0.00390625;0.00390625;69.80357767240297;69.8035858736823;69.91902404789028;69.9191338890437;69.80357767240297;69.8035858736823;69.91902404789028;69.9191338890437;0.00010984115343148915;1.5709766394372818e-6
-1;61;0.00390625;0.00390625;70.18353095119951;70.18353279311413;70.20494910098192;70.20495094542056;70.1835309511995;70.18353279311413;70.2049491009819;70.20495094542056;1.8444386427063364e-6;2.627220254875933e-8
-1;62;0.00390625;0.00390625;69.43285705371241;69.43286484672146;69.50425088632043;69.50425868774289;69.43285705371241;69.43286484672146;69.50425088632043;69.50425868774289;7.801422455600004e-6;1.122438175523945e-7
-1;63;0.00390625;0.00390625;70.31249137919349;70.31250000000001;70.31249137919349;70.31250000000001;70.31249137919347;70.31250000000001;70.31249137919347;70.31250000000001;8.620806525527769e-6;1.2260704117332406e-7
-1;64;0.00390625;0.00390625;69.47302244470885;69.47303014283577;69.52532496942183;69.52542214329459;69.47302244470883;69.47303014283577;69.52532496942182;69.52542214329459;9.717387275998135e-5;1.3976759231649721e-6
-1;65;0.00390625;0.00390625;67.14937539607187;67.14939236886991;67.26341745839918;67.26460970473926;67.14937539607187;67.14939236886991;67.26341745839918;67.26460970473926;0.0011922463400821925;1.772503368297587e-5
1;5;0.001329903956502676;0.0013299038073780656;8.221508002054781;8.312112398714616;9.723445712107365;9.915981773518817;8.22150800205478;8.312112398714616;9.723445712107363;9.915981773518817;0.1925360614114524;0.019801217296015944
1;6;0.0017557612154632807;0.0017557613658502524;28.37075588824734;28.37075680960073;30.99936598444745;31.000866913702342;28.37075588824734;28.37075680960073;30.99936598444745;31.000866913702342;0.0015009292548917585;4.841806299021673e-5
1;10;0.001929903868585825;0.0019299037422874001;13.369002520469765;13.531606126803844;16.069979426143743;16.390769817683292;13.369002520469763;13.531606126803844;16.069979426143743;16.390769817683292;0.3207903915395498;0.019962090991707558
1;11;0.0024570105597376823;0.0024570108736958534;40.83727225178242;40.83727706426418;44.38840852380362;44.389034499610794;40.83727225178242;40.83727706426418;44.38840852380361;44.389034499610794;0.0006259758071749388;1.4102235876270594e-5
